wavelength_nm,eqe,reflectance
300.0,0.631865,0.126189
310.0,0.664142,0.136517
320.0,0.690821,0.148016
330.0,0.708009,0.153157
340.0,0.722011,0.157762
350.0,0.722566,0.163284
360.0,0.747432,0.171657
370.0,0.794207,0.156980
380.0,0.827716,0.130268
390.0,0.857748,0.108787
400.0,0.888960,0.092094
410.0,0.908581,0.078672
420.0,0.921918,0.067462
430.0,0.934427,0.057956
440.0,0.947222,0.050050
450.0,0.958128,0.043309
460.0,0.967562,0.037321
470.0,0.973770,0.032556
480.0,0.979234,0.028420
490.0,0.985937,0.024795
500.0,0.988663,0.021824
510.0,0.992240,0.019125
520.0,0.993390,0.016813
530.0,0.996077,0.014791
540.0,0.998161,0.012995
550.0,0.999853,0.011445
560.0,0.999642,0.010071
570.0,1.000000,0.008877
580.0,1.000000,0.007776
590.0,1.000000,0.006839
600.0,1.000000,0.005989
610.0,1.000000,0.005313
620.0,1.000000,0.004691
630.0,1.000000,0.004185
640.0,1.000000,0.003806
650.0,1.000000,0.003520
660.0,1.000000,0.003287
670.0,1.000000,0.003284
680.0,1.000000,0.003179
690.0,1.000000,0.003273
700.0,1.000000,0.003465
710.0,1.000000,0.003641
720.0,1.000000,0.003829
730.0,1.000000,0.004225
740.0,1.000000,0.004519
750.0,1.000000,0.004989
760.0,1.000000,0.005317
770.0,1.000000,0.005976
780.0,1.000000,0.006513
790.0,1.000000,0.007043
800.0,1.000000,0.007611
810.0,1.000000,0.008245
820.0,1.000000,0.008985
830.0,1.000000,0.009532
840.0,1.000000,0.010266
850.0,0.999899,0.010985
860.0,0.999129,0.011615
870.0,1.000000,0.012337
880.0,0.999320,0.013038
890.0,0.999222,0.013613
900.0,0.997075,0.014390
910.0,0.993968,0.015321
920.0,0.992870,0.015967
930.0,0.989899,0.016832
940.0,0.984107,0.018027
950.0,0.979096,0.019467
960.0,0.972306,0.021479
970.0,0.962681,0.024452
980.0,0.949542,0.028377
990.0,0.934514,0.033845
1000.0,0.916432,0.040940
1010.0,0.891250,0.050808
1020.0,0.860205,0.063402
1030.0,0.822145,0.079362
1040.0,0.773839,0.099743
1050.0,0.715865,0.123678
1060.0,0.647039,0.151431
1070.0,0.582949,0.177533
1080.0,0.523022,0.200995
1090.0,0.461744,0.224275
1100.0,0.400849,0.247770
1110.0,0.338553,0.269951
1120.0,0.278997,0.291213
1130.0,0.223252,0.311169
1140.0,0.169272,0.328965
1150.0,0.120804,0.345090
1160.0,0.078162,0.358568
1170.0,0.042798,0.368769
1180.0,0.012734,0.377486
1190.0,0.005567,0.377066
1200.0,0.005377,0.376758
